<?xml version="1.0" encoding="UTF-8" standalone="yes"?>
<addon id="plugin.program.noobs.companion" name="NOOBS Companion [REMOVED]" provider-name="SlyGuy" version="0.8.0">
  <requires>
    <import addon="script.module.slyguy" version="0.63.1"/>
  </requires>
  <extension point="xbmc.python.pluginsource" library="default.py">
    <provides>executable</provides>
  </extension>
  <extension point="xbmc.addon.metadata">
    <platform></platform>
    <description lang="en">This add-on is no longer supported and will be removed soon</description>
    <license></license>
    <language></language>
    <website></website>
    <news>This add-on is no longer supported and will be removed soon</news>
    <assets>
      <icon>icon.png</icon>
      <fanart>fanart.jpg</fanart>
    </assets>
  </extension>
</addon>
