<?xml version="1.0" encoding="UTF-8" standalone="yes"?>
<addon id="slyguy.trailers" name="SlyGuy Trailers" provider-name="SlyGuy" version="0.0.14">
    <requires>
        <import addon="script.module.slyguy" version="0.86.19"/>
    </requires>
    <extension point="xbmc.python.pluginsource" library="default.py">
        <provides>executable</provides>
    </extension>
    <extension point="xbmc.service" library="service.py" start="login" />
    <extension point="kodi.context.item">
        <menu id="kodi.core.main">
        <item library="default.py">
            <label>$LOCALIZE[20410]</label>
            <visible>[!String.IsEmpty(ListItem.Trailer) + String.Contains(Window(10000).Property(_slyguy_trailer_context_menu),1)] |
                    [[!String.IsEmpty(ListItem.IMDBNumber) | !String.IsEmpty(ListItem.UniqueID())] + String.IsEqual(ListItem.DBType,movie) + String.Contains(Window(10000).Property(_slyguy_trailer_context_menu),2)] |
                    [[!String.IsEmpty(ListItem.IMDBNumber) | !String.IsEmpty(ListItem.UniqueID())] + String.IsEqual(ListItem.DBType,tvshow) + String.Contains(Window(10000).Property(_slyguy_trailer_context_menu),3)] |
                    [!String.IsEmpty(ListItem.Label) + !String.IsEmpty(ListItem.Year) + String.IsEqual(ListItem.DBType,movie) + String.Contains(Window(10000).Property(_slyguy_trailer_context_menu),4)] |
                    [!String.IsEmpty(ListItem.Label) + !String.IsEmpty(ListItem.Year) + String.IsEqual(ListItem.DBType,tvshow) + String.Contains(Window(10000).Property(_slyguy_trailer_context_menu),5)] |
                    [String.IsEqual(ListItem.DBType,movie) + String.Contains(Window(10000).Property(_slyguy_trailer_context_menu),6)] |
                    [String.IsEqual(ListItem.DBType,tvshow) + String.Contains(Window(10000).Property(_slyguy_trailer_context_menu),7)]
            </visible>
        </item>
        </menu>
    </extension>
    <extension point="xbmc.addon.metadata">
        <description lang="en">An add-on to enhance the Kodi trailer experience</description>
        <reuselanguageinvoker>true</reuselanguageinvoker>
        <license></license>
        <language></language>
        <website></website>
        <news>Add new YT framerate setting</news>
        <assets>
        <icon>icon.png</icon>
        </assets>
    </extension>
</addon>
